{
  "generate_data_wall_time": 0.28039002418518066,
  "generate_data_time": 0.0030717849731445312,
  "check_structure_wall_time": 0.2627136707305908,
  "check_structure_time": 0.002701997756958008,
  "filter_gpt2_time": 9.77419900894165,
  "filter_gpt2_upload_time": 0.625255823135376,
  "filter_gpt2_download_time": 0.6650159358978271,
  "filter_gpt2_total_time": 11.064470767974854,
  "filter_gpt2_wall_time": 19.32678771018982,
  "filter_gpt2_location": "remote",
  "collect_activations_time": 5.474725008010864,
  "collect_activations_upload_time": 0.5965571403503418,
  "collect_activations_download_time": 24.63800072669983,
  "collect_activations_total_time": 30.709282875061035,
  "collect_activations_wall_time": 38.564568281173706,
  "collect_activations_location": "remote",
  "patch_activations_time": 34.5003616809845,
  "patch_activations_upload_time": 19.938254833221436,
  "patch_activations_download_time": 0.6271045207977295,
  "patch_activations_total_time": 55.06572103500366,
  "patch_activations_wall_time": 62.719783544540405,
  "patch_activations_location": "remote",
  "plot_heatmap_time": 1.066260576248169,
  "plot_heatmap_upload_time": 0.4999420642852783,
  "plot_heatmap_download_time": 2.273885488510132,
  "plot_heatmap_total_time": 3.840088129043579,
  "plot_heatmap_wall_time": 11.495816946029663,
  "plot_heatmap_location": "remote"
}