{
  "generate_data_wall_time": 0.2742137908935547,
  "generate_data_time": 0.004392862319946289,
  "check_structure_wall_time": 0.27258944511413574,
  "check_structure_time": 0.002979278564453125,
  "filter_gpt2_time": 13.317323446273804,
  "filter_gpt2_wall_time": 27.651331663131714,
  "filter_gpt2_location": "local",
  "collect_activations_time": 5.548978090286255,
  "collect_activations_upload_time": 0.5189507007598877,
  "collect_activations_download_time": 5.707808017730713,
  "collect_activations_total_time": 11.775736808776855,
  "collect_activations_wall_time": 19.71528959274292,
  "collect_activations_location": "remote",
  "patch_activations_time": 34.19920086860657,
  "patch_activations_upload_time": 18.022571086883545,
  "patch_activations_download_time": 0.49783778190612793,
  "patch_activations_total_time": 52.71960973739624,
  "patch_activations_wall_time": 60.06593990325928,
  "patch_activations_location": "remote",
  "plot_heatmap_time": 1.2542719841003418,
  "plot_heatmap_wall_time": 16.47936987876892,
  "plot_heatmap_location": "local"
}