{
  "generate_data_wall_time": 0.08354449272155762,
  "generate_data_time": 0.0007507801055908203,
  "check_structure_wall_time": 0.07835507392883301,
  "check_structure_time": 0.0007812976837158203,
  "filter_gpt2_time": 7.57027268409729,
  "filter_gpt2_upload_time": 0.3279128074645996,
  "filter_gpt2_download_time": 0.5090475082397461,
  "filter_gpt2_total_time": 8.407232999801636,
  "filter_gpt2_wall_time": 15.559767007827759,
  "filter_gpt2_location": "remote",
  "collect_activations_time": 4.545378923416138,
  "collect_activations_upload_time": 1.1275696754455566,
  "collect_activations_download_time": 4.098623514175415,
  "collect_activations_total_time": 9.77157211303711,
  "collect_activations_wall_time": 18.28830909729004,
  "collect_activations_location": "remote",
  "patch_activations_time": 32.84565019607544,
  "patch_activations_upload_time": 13.280136108398438,
  "patch_activations_download_time": 1.179384469985962,
  "patch_activations_total_time": 47.30517077445984,
  "patch_activations_wall_time": 54.92893934249878,
  "patch_activations_location": "remote",
  "plot_heatmap_time": 1.050851583480835,
  "plot_heatmap_upload_time": 0.9192728996276855,
  "plot_heatmap_download_time": 1.6350371837615967,
  "plot_heatmap_total_time": 3.605161666870117,
  "plot_heatmap_wall_time": 11.77163577079773,
  "plot_heatmap_location": "remote"
}