{
  "generate_data_wall_time": 0.10758447647094727,
  "generate_data_time": 0.0007739067077636719,
  "check_structure_wall_time": 0.07706856727600098,
  "check_structure_time": 0.0007801055908203125,
  "filter_gpt2_time": 11.08167314529419,
  "filter_gpt2_wall_time": 16.076298713684082,
  "filter_gpt2_location": "local",
  "collect_activations_time": 4.627110958099365,
  "collect_activations_upload_time": 0.32521843910217285,
  "collect_activations_download_time": 4.164474725723267,
  "collect_activations_total_time": 9.116804122924805,
  "collect_activations_wall_time": 16.066596508026123,
  "collect_activations_location": "remote",
  "patch_activations_time": 32.874029874801636,
  "patch_activations_upload_time": 11.81387972831726,
  "patch_activations_download_time": 1.3779385089874268,
  "patch_activations_total_time": 46.06584811210632,
  "patch_activations_wall_time": 53.83916449546814,
  "patch_activations_location": "remote",
  "plot_heatmap_time": 0.4840073585510254,
  "plot_heatmap_wall_time": 5.4833245277404785,
  "plot_heatmap_location": "local"
}